{
  "final_run": {
    "k": 5,
    "random_state": 42,
    "n_samples": 24000,
    "n_valid": 23996,
    "n_empty": 4,
    "inertia": 21454.053124360926,
    "silhouette": 0.060212,
    "cluster_sizes": {
      "-1": 4,
      "0": 18943,
      "1": 675,
      "2": 2311,
      "3": 353,
      "4": 1714
    }
  }
}